{
  "_fv": 69,
  "_type": "potioneffect",
  "definition": {
    "effectName": "Adrenaline",
    "icon": "adrenaline_effect",
    "color": {
      "value": -16711783,
      "falpha": 0.0
    },
    "isInstant": false,
    "mobEffectCategory": "BENEFICIAL",
    "renderStatusInInventory": true,
    "renderStatusInHUD": true,
    "isCuredByMilk": false,
    "isProtectedByTotem": false,
    "isCuredbyHoney": false,
    "onStarted": {
      "name": "AdrenalineAttributeAdd"
    },
    "onExpired": {
      "name": "AdrenalineAttributeRemove"
    }
  }
}