{
  "_fv": 69,
  "_type": "potioneffect",
  "definition": {
    "effectName": "Rage",
    "icon": "rage",
    "color": {
      "value": -3407872,
      "falpha": 0.0
    },
    "isInstant": false,
    "mobEffectCategory": "BENEFICIAL",
    "renderStatusInInventory": true,
    "renderStatusInHUD": true,
    "isCuredByMilk": false,
    "isProtectedByTotem": false,
    "isCuredbyHoney": false,
    "onStarted": {
      "name": "RageAttributeAdd"
    },
    "onExpired": {
      "name": "RageAttributeRemove"
    }
  }
}